P03_cam01_P03_cereals	836
P03_cam01_P03_coffee	921
P03_cam01_P03_friedegg	4270
P03_cam01_P03_milk	1161
P03_cam01_P03_salat	4453
P03_cam01_P03_sandwich	3044
P03_cam01_P03_tea	1314
P03_stereo01_P03_cereals	836
P03_stereo01_P03_coffee	921
P03_stereo01_P03_milk	1161
P03_stereo01_P03_sandwich	3044
P03_stereo01_P03_tea	1314
P03_webcam01_P03_cereals	836
P03_webcam01_P03_coffee	921
P03_webcam01_P03_friedegg	4270
P03_webcam01_P03_milk	1161
P03_webcam01_P03_salat	4453
P03_webcam01_P03_sandwich	3044
P03_webcam01_P03_tea	1314
P03_webcam02_P03_cereals	836
P03_webcam02_P03_coffee	921
P03_webcam02_P03_friedegg	4270
P03_webcam02_P03_milk	1161
P03_webcam02_P03_salat	4453
P03_webcam02_P03_sandwich	3044
P03_webcam02_P03_tea	1314
P04_cam01_P04_cereals	485
P04_cam01_P04_friedegg	3361
P04_cam01_P04_milk	757
P04_cam01_P04_pancake	6696
P04_cam01_P04_sandwich	1449
P04_cam01_P04_scrambledegg	2729
P04_cam01_P04_tea	400
P04_stereo01_P04_cereals	485
P04_stereo01_P04_friedegg	3361
P04_stereo01_P04_milk	757
P04_stereo01_P04_pancake	6696
P04_stereo01_P04_sandwich	1449
P04_stereo01_P04_scrambledegg	2729
P04_stereo01_P04_tea	400
P04_webcam01_P04_cereals	485
P04_webcam01_P04_friedegg	3361
P04_webcam01_P04_milk	757
P04_webcam01_P04_pancake	6696
P04_webcam01_P04_salat	2781
P04_webcam01_P04_sandwich	1449
P04_webcam01_P04_scrambledegg	2729
P04_webcam01_P04_tea	400
P04_webcam02_P04_cereals	485
P04_webcam02_P04_friedegg	3361
P04_webcam02_P04_milk	757
P04_webcam02_P04_pancake	6696
P04_webcam02_P04_salat	2781
P04_webcam02_P04_sandwich	1449
P04_webcam02_P04_scrambledegg	2729
P04_webcam02_P04_tea	400
P05_cam01_P05_cereals	1186
P05_cam01_P05_coffee	1123
P05_cam01_P05_friedegg	3411
P05_cam01_P05_juice	2795
P05_cam01_P05_pancake	5896
P05_cam01_P05_salat	3847
P05_cam01_P05_sandwich	2744
P05_cam01_P05_scrambledegg	2700
P05_cam01_P05_tea	1665
P05_stereo01_P05_juice	2795
P05_stereo01_P05_milk	1084
P06_cam01_P06_cereals	501
P06_cam01_P06_coffee	476
P06_cam01_P06_friedegg	2209
P06_cam01_P06_juice	1318
P06_cam01_P06_milk	587
P06_cam01_P06_pancake	4988
P06_cam01_P06_salat	3247
P06_cam01_P06_sandwich	2507
P06_cam01_P06_scrambledegg	1353
P06_cam01_P06_tea	515
P06_stereo01_P06_scrambledegg	1353
P07_cam01_P07_milk	1008
P07_cam01_P07_salat	3329
P07_cam01_P07_scrambledegg	2272
P07_stereo01_P07_friedegg	2991
P07_stereo01_P07_juice	1202
P07_stereo01_P07_milk	1008
P07_stereo01_P07_sandwich	2139
P07_stereo01_P07_scrambledegg	2272
P07_stereo01_P07_tea	664
P07_webcam01_P07_cereals	941
P07_webcam01_P07_friedegg	2991
P07_webcam01_P07_juice	1202
P07_webcam01_P07_milk	1008
P07_webcam01_P07_pancake	3912
P07_webcam01_P07_salat	3329
P07_webcam01_P07_sandwich	2139
P07_webcam01_P07_scrambledegg	2272
P07_webcam01_P07_tea	664
P08_cam01_P08_juice	1252
P08_cam01_P08_tea	370
P08_webcam01_P08_cereals	1109
P08_webcam01_P08_coffee	289
P08_webcam01_P08_friedegg	4110
P08_webcam01_P08_juice	1252
P08_webcam01_P08_milk	1341
P08_webcam01_P08_pancake	3918
P08_webcam01_P08_salat	2989
P08_webcam01_P08_sandwich	675
P08_webcam01_P08_scrambledegg	1735
P08_webcam01_P08_tea	370
P09_cam01_P09_coffee	575
P09_cam01_P09_friedegg	2389
P09_cam01_P09_juice	1175
P09_cam01_P09_milk	745
P09_cam01_P09_scrambledegg	1287
P09_cam01_P09_tea	425
P09_webcam01_P09_cereals	757
P09_webcam01_P09_coffee	575
P09_webcam01_P09_juice	1175
P09_webcam01_P09_milk	745
P09_webcam01_P09_pancake	5263
P09_webcam01_P09_salat	2676
P09_webcam01_P09_sandwich	1631
P09_webcam01_P09_scrambledegg	1287
P09_webcam01_P09_tea	425
P10_cam01_P10_sandwich	1849
P10_webcam01_P10_cereals	832
P10_webcam01_P10_coffee	1212
P10_webcam01_P10_friedegg	3553
P10_webcam01_P10_juice	2390
P10_webcam01_P10_milk	987
P10_webcam01_P10_pancake	4580
P10_webcam01_P10_salat	4853
P10_webcam01_P10_tea	845
P11_cam01_P11_cereals	539
P11_cam01_P11_coffee	376
P11_cam01_P11_friedegg	8347
P11_cam01_P11_milk	779
P11_cam01_P11_pancake	6696
P11_cam01_P11_salat	2712
P11_cam01_P11_sandwich	1781
P11_cam01_P11_scrambledegg	2653
P11_cam01_P11_tea	335
P11_stereo01_P11_milk	779
P11_webcam01_P11_cereals	539
P11_webcam01_P11_coffee	376
P11_webcam01_P11_friedegg	8347
P11_webcam01_P11_milk	779
P11_webcam01_P11_pancake	6696
P11_webcam01_P11_salat	2712
P11_webcam01_P11_sandwich	1781
P11_webcam01_P11_scrambledegg	2653
P11_webcam01_P11_tea	335
P12_cam01_P12_cereals	650
P12_cam01_P12_coffee	219
P12_cam01_P12_friedegg	4167
P12_cam01_P12_milk	804
P12_cam01_P12_pancake	2874
P12_cam01_P12_salat	2150
P12_cam01_P12_sandwich	1728
P12_cam01_P12_scrambledegg	2782
P12_cam01_P12_tea	265
P12_stereo01_P12_friedegg	4167
P12_stereo01_P12_salat	2150
P12_webcam01_P12_cereals	650
P12_webcam01_P12_coffee	219
P12_webcam01_P12_friedegg	4167
P12_webcam01_P12_milk	804
P12_webcam01_P12_pancake	2874
P12_webcam01_P12_salat	2150
P12_webcam01_P12_sandwich	1728
P12_webcam01_P12_scrambledegg	2782
P12_webcam01_P12_tea	265
P13_cam01_P13_cereals	679
P13_cam01_P13_coffee	589
P13_cam01_P13_friedegg	2741
P13_cam01_P13_milk	578
P13_cam01_P13_pancake	4440
P13_cam01_P13_salat	2364
P13_cam01_P13_sandwich	1758
P13_cam01_P13_scrambledegg	1699
P13_cam01_P13_tea	445
P13_stereo01_P13_cereals	679
P13_stereo01_P13_milk	578
P13_stereo01_P13_pancake	4440
P13_stereo01_P13_scrambledegg	1699
P13_stereo01_P13_tea	445
P13_webcam01_P13_cereals	679
P13_webcam01_P13_coffee	589
P13_webcam01_P13_friedegg	2741
P13_webcam01_P13_milk	578
P13_webcam01_P13_pancake	4440
P13_webcam01_P13_salat	2364
P13_webcam01_P13_sandwich	1758
P13_webcam01_P13_scrambledegg	1699
P13_webcam01_P13_tea	445
P14_cam01_P14_cereals	726
P14_cam01_P14_coffee	369
P14_cam01_P14_friedegg	2875
P14_cam01_P14_juice	1607
P14_cam01_P14_milk	796
P14_cam01_P14_pancake	5930
P14_cam01_P14_salat	3421
P14_cam01_P14_sandwich	1474
P14_cam01_P14_scrambledegg	2856
P14_cam01_P14_tea	401
P14_stereo01_P14_cereals	726
P14_stereo01_P14_coffee	369
P14_stereo01_P14_friedegg	2875
P14_stereo01_P14_juice	1607
P14_stereo01_P14_milk	796
P14_stereo01_P14_salat	3421
P14_stereo01_P14_sandwich	1474
P14_stereo01_P14_scrambledegg	2856
P14_stereo01_P14_tea	401
P14_webcam01_P14_cereals	726
P14_webcam01_P14_coffee	369
P14_webcam01_P14_friedegg	2875
P14_webcam01_P14_juice	1607
P14_webcam01_P14_milk	796
P14_webcam01_P14_pancake	5930
P14_webcam01_P14_salat	3421
P14_webcam01_P14_sandwich	1474
P14_webcam01_P14_scrambledegg	2856
P14_webcam01_P14_tea	401
P15_cam01_P15_cereals	383
P15_cam01_P15_coffee	697
P15_cam01_P15_friedegg	2365
P15_cam01_P15_juice	1335
P15_cam01_P15_milk	707
P15_cam01_P15_pancake	7461
P15_cam01_P15_salat	3920
P15_cam01_P15_sandwich	1048
P15_cam01_P15_scrambledegg	1765
P15_cam01_P15_tea	358
P15_stereo01_P15_cereals	383
P15_stereo01_P15_coffee	697
P15_stereo01_P15_friedegg	2365
P15_stereo01_P15_juice	1335
P15_stereo01_P15_milk	707
P15_stereo01_P15_pancake	7461
P15_stereo01_P15_salat	3920
P15_stereo01_P15_sandwich	1048
P15_stereo01_P15_scrambledegg	1765
P15_stereo01_P15_tea	358
P15_webcam01_P15_cereals	383
P15_webcam01_P15_coffee	697
P15_webcam01_P15_friedegg	2365
P15_webcam01_P15_juice	1335
P15_webcam01_P15_milk	707
P15_webcam01_P15_pancake	7461
P15_webcam01_P15_sandwich	1048
P15_webcam01_P15_scrambledegg	1765
P15_webcam01_P15_tea	358
P29_cam01_P29_cereals	449
P29_cam01_P29_coffee	590
P29_cam01_P29_friedegg	3735
P29_cam01_P29_juice	1401
P29_cam01_P29_milk	624
P29_cam01_P29_pancake	7204
P29_cam01_P29_salat	2727
P29_cam01_P29_sandwich	2156
P29_cam01_P29_scrambledegg	2946
P29_cam01_P29_tea	642
P29_cam02_P29_cereals	449
P29_cam02_P29_coffee	590
P29_cam02_P29_friedegg	3735
P29_cam02_P29_juice	1401
P29_cam02_P29_milk	624
P29_cam02_P29_pancake	7204
P29_cam02_P29_salat	2727
P29_cam02_P29_sandwich	2156
P29_cam02_P29_scrambledegg	2946
P29_cam02_P29_tea	642
P29_stereo01_P29_coffee	590
P29_stereo01_P29_pancake	7204
P29_stereo01_P29_sandwich	2156
P29_stereo01_P29_scrambledegg	2946
P29_stereo01_P29_tea	642
P30_cam01_P30_coffee	475
P30_cam01_P30_juice	1169
P30_cam01_P30_milk	637
P30_cam01_P30_pancake	6817
P30_cam01_P30_salat	1816
P30_cam01_P30_scrambledegg	2849
P30_cam01_P30_tea	373
P30_cam02_P30_cereals	577
P30_cam02_P30_coffee	475
P30_cam02_P30_friedegg	2772
P30_cam02_P30_juice	1169
P30_cam02_P30_milk	637
P30_cam02_P30_pancake	6817
P30_cam02_P30_salat	1816
P30_cam02_P30_sandwich	1627
P30_cam02_P30_scrambledegg	2849
P30_cam02_P30_tea	373
P30_stereo01_P30_coffee	475
P30_stereo01_P30_friedegg	2772
P30_stereo01_P30_milk	637
P30_stereo01_P30_sandwich	1627
P30_stereo01_P30_scrambledegg	2849
P30_stereo01_P30_tea	373
P31_cam01_P31_cereals	1428
P31_cam01_P31_coffee	687
P31_cam01_P31_friedegg	6762
P31_cam01_P31_juice	2411
P31_cam01_P31_milk	2528
P31_cam01_P31_pancake	9014
P31_cam01_P31_salat	5697
P31_cam01_P31_sandwich	3558
P31_cam01_P31_scrambledegg	4677
P31_cam01_P31_tea	1248
P31_cam02_P31_cereals	1428
P31_cam02_P31_coffee	687
P31_cam02_P31_friedegg	6762
P31_cam02_P31_juice	2411
P31_cam02_P31_milk	2528
P31_cam02_P31_pancake	9014
P31_cam02_P31_salat	5697
P31_cam02_P31_sandwich	3558
P31_cam02_P31_scrambledegg	4677
P31_cam02_P31_tea	1248
P31_stereo01_P31_coffee	687
P31_stereo01_P31_milk	2528
P31_stereo01_P31_tea	1248
P32_cam01_P32_cereals	405
P32_cam01_P32_coffee	409
P32_cam01_P32_friedegg	3898
P32_cam01_P32_juice	1281
P32_cam01_P32_milk	646
P32_cam01_P32_pancake	6794
P32_cam01_P32_salat	3628
P32_cam01_P32_sandwich	1090
P32_cam01_P32_scrambledegg	2852
P32_cam01_P32_tea	492
P32_cam02_P32_cereals	405
P32_cam02_P32_coffee	409
P32_cam02_P32_friedegg	3898
P32_cam02_P32_juice	1281
P32_cam02_P32_milk	646
P32_cam02_P32_pancake	6794
P32_cam02_P32_salat	3628
P32_cam02_P32_sandwich	1090
P32_cam02_P32_scrambledegg	2852
P32_cam02_P32_tea	492
P32_stereo01_P32_cereals	405
P32_stereo01_P32_coffee	409
P32_stereo01_P32_milk	646
P32_stereo01_P32_sandwich	1090
P32_stereo01_P32_tea	492
P33_cam01_P33_cereals	372
P33_cam01_P33_coffee	623
P33_cam01_P33_friedegg	2691
P33_cam01_P33_juice	1066
P33_cam01_P33_milk	719
P33_cam01_P33_pancake	3387
P33_cam01_P33_salat	4546
P33_cam01_P33_sandwich	1537
P33_cam01_P33_scrambledegg	3344
P33_cam01_P33_tea	591
P33_cam02_P33_cereals	372
P33_cam02_P33_coffee	623
P33_cam02_P33_friedegg	2691
P33_cam02_P33_juice	1066
P33_cam02_P33_milk	719
P33_cam02_P33_pancake	3387
P33_cam02_P33_salat	4546
P33_cam02_P33_sandwich	1537
P33_cam02_P33_scrambledegg	3344
P33_cam02_P33_tea	591
P33_stereo01_P33_cereals	372
P33_stereo01_P33_milk	719
P33_stereo01_P33_sandwich	1537
P33_stereo01_P33_tea	591
P34_cam01_P34_cereals	765
P34_cam01_P34_coffee	629
P34_cam01_P34_friedegg	2709
P34_cam01_P34_juice	939
P34_cam01_P34_milk	1162
P34_cam01_P34_sandwich	1098
P34_cam01_P34_scrambledegg	4455
P34_cam01_P34_tea	815
P34_cam02_P34_friedegg	2709
P34_stereo01_P34_cereals	765
P34_stereo01_P34_friedegg	2709
P34_stereo01_P34_juice	939
P34_stereo01_P34_milk	1162
P34_stereo01_P34_salat	2243
P34_stereo01_P34_sandwich	1098
P34_stereo01_P34_scrambledegg	4455
P34_stereo01_P34_tea	815
P34_webcam02_P34_cereals	765
P34_webcam02_P34_coffee	629
P34_webcam02_P34_juice	939
P34_webcam02_P34_milk	1162
P34_webcam02_P34_salat	2243
P34_webcam02_P34_sandwich	1098
P34_webcam02_P34_scrambledegg	4455
P34_webcam02_P34_tea	815
P35_cam01_P35_cereals	566
P35_cam01_P35_coffee	449
P35_cam01_P35_friedegg	2672
P35_cam01_P35_juice	1215
P35_cam01_P35_milk	579
P35_cam01_P35_pancake	3509
P35_cam01_P35_salat	1619
P35_cam01_P35_sandwich	1078
P35_cam01_P35_scrambledegg	2088
P35_cam01_P35_tea	499
P35_cam02_P35_cereals	566
P35_cam02_P35_coffee	449
P35_cam02_P35_tea	499
P35_stereo01_P35_cereals	566
P35_stereo01_P35_coffee	449
P35_stereo01_P35_friedegg	2672
P35_stereo01_P35_juice	1215
P35_stereo01_P35_milk	579
P35_stereo01_P35_salat	1619
P35_stereo01_P35_sandwich	1078
P35_stereo01_P35_scrambledegg	2088
P35_stereo01_P35_tea	499
P35_webcam02_P35_cereals	566
P35_webcam02_P35_coffee	449
P35_webcam02_P35_friedegg	2672
P35_webcam02_P35_juice	1215
P35_webcam02_P35_milk	579
P35_webcam02_P35_pancake	3509
P35_webcam02_P35_salat	1619
P35_webcam02_P35_sandwich	1078
P35_webcam02_P35_scrambledegg	2088
P35_webcam02_P35_tea	499
P36_cam01_P36_cereals	525
P36_cam01_P36_friedegg	3967
P36_cam01_P36_juice	1698
P36_cam01_P36_milk	884
P36_cam01_P36_pancake	7053
P36_cam01_P36_salat	5296
P36_cam01_P36_sandwich	1572
P36_cam01_P36_scrambledegg	2247
P36_cam01_P36_tea	466
P36_stereo01_P36_cereals	525
P36_stereo01_P36_coffee	1162
P36_stereo01_P36_friedegg	3967
P36_stereo01_P36_juice	1698
P36_stereo01_P36_milk	884
P36_stereo01_P36_pancake	7053
P36_stereo01_P36_salat	5296
P36_stereo01_P36_sandwich	1572
P36_stereo01_P36_scrambledegg	2247
P36_stereo01_P36_tea	466
P36_webcam01_P36_cereals	525
P36_webcam01_P36_friedegg	3967
P36_webcam01_P36_juice	1698
P36_webcam01_P36_milk	884
P36_webcam01_P36_pancake	7053
P36_webcam01_P36_salat	5296
P36_webcam01_P36_sandwich	1572
P36_webcam01_P36_scrambledegg	2247
P36_webcam01_P36_tea	466
P36_webcam02_P36_cereals	525
P36_webcam02_P36_friedegg	3967
P36_webcam02_P36_juice	1698
P36_webcam02_P36_milk	884
P36_webcam02_P36_pancake	7053
P36_webcam02_P36_salat	5296
P36_webcam02_P36_sandwich	1572
P36_webcam02_P36_scrambledegg	2247
P36_webcam02_P36_tea	466
P37_cam01_P37_cereals	725
P37_cam01_P37_coffee	1027
P37_cam01_P37_friedegg	2425
P37_cam01_P37_juice	1627
P37_cam01_P37_milk	944
P37_cam01_P37_pancake	4455
P37_cam01_P37_salat	3494
P37_cam01_P37_sandwich	1292
P37_cam01_P37_scrambledegg	1365
P37_cam01_P37_tea	367
P37_stereo01_P37_cereals	725
P37_stereo01_P37_coffee	1027
P37_stereo01_P37_friedegg	2425
P37_stereo01_P37_juice	1627
P37_stereo01_P37_milk	944
P37_stereo01_P37_pancake	4455
P37_stereo01_P37_salat	3494
P37_stereo01_P37_sandwich	1292
P37_stereo01_P37_scrambledegg	1365
P37_stereo01_P37_tea	367
P37_webcam01_P37_cereals	725
P37_webcam01_P37_coffee	1027
P37_webcam01_P37_friedegg	2425
P37_webcam01_P37_juice	1627
P37_webcam01_P37_milk	944
P37_webcam01_P37_pancake	4455
P37_webcam01_P37_salat	3494
P37_webcam01_P37_sandwich	1292
P37_webcam01_P37_scrambledegg	1365
P37_webcam01_P37_tea	367
P37_webcam02_P37_cereals	725
P37_webcam02_P37_coffee	1027
P37_webcam02_P37_friedegg	2425
P37_webcam02_P37_juice	1627
P37_webcam02_P37_milk	944
P37_webcam02_P37_pancake	4455
P37_webcam02_P37_salat	3494
P37_webcam02_P37_sandwich	1292
P37_webcam02_P37_scrambledegg	1365
P37_webcam02_P37_tea	367
P38_cam01_P38_cereals	667
P38_cam01_P38_coffee	766
P38_cam01_P38_friedegg	3047
P38_cam01_P38_juice	1468
P38_cam01_P38_milk	1069
P38_cam01_P38_pancake	7498
P38_cam01_P38_salat	2644
P38_cam01_P38_sandwich	1109
P38_cam01_P38_scrambledegg	3453
P38_cam01_P38_tea	446
P38_stereo01_P38_cereals	667
P38_stereo01_P38_coffee	766
P38_stereo01_P38_friedegg	3047
P38_stereo01_P38_juice	1468
P38_stereo01_P38_milk	1069
P38_stereo01_P38_pancake	7498
P38_stereo01_P38_salat	2644
P38_stereo01_P38_sandwich	1109
P38_stereo01_P38_scrambledegg	3453
P38_stereo01_P38_tea	446
P38_webcam01_P38_cereals	667
P38_webcam01_P38_coffee	766
P38_webcam01_P38_friedegg	3047
P38_webcam01_P38_juice	1468
P38_webcam01_P38_milk	1069
P38_webcam01_P38_pancake	7498
P38_webcam01_P38_salat	2644
P38_webcam01_P38_sandwich	1109
P38_webcam01_P38_scrambledegg	3453
P38_webcam01_P38_tea	446
P38_webcam02_P38_cereals	667
P38_webcam02_P38_coffee	766
P38_webcam02_P38_friedegg	3047
P38_webcam02_P38_juice	1468
P38_webcam02_P38_milk	1069
P38_webcam02_P38_pancake	7498
P38_webcam02_P38_salat	2644
P38_webcam02_P38_sandwich	1109
P38_webcam02_P38_scrambledegg	3453
P38_webcam02_P38_tea	446
P39_cam01_P39_cereals	699
P39_cam01_P39_friedegg	2890
P39_cam01_P39_milk	947
P39_cam01_P39_pancake	8990
P39_cam01_P39_salat	2669
P39_cam01_P39_sandwich	1524
P39_cam01_P39_scrambledegg	4407
P39_cam01_P39_tea	1304
P39_cam02_P39_cereals	699
P39_cam02_P39_friedegg	2890
P39_cam02_P39_juice	1811
P39_cam02_P39_milk	947
P39_cam02_P39_pancake	8990
P39_cam02_P39_salat	2669
P39_cam02_P39_sandwich	1524
P39_cam02_P39_scrambledegg	4407
P39_cam02_P39_tea	1304
P39_stereo01_P39_cereals	699
P39_stereo01_P39_coffee	644
P39_stereo01_P39_friedegg	2890
P39_stereo01_P39_juice	1811
P39_stereo01_P39_milk	947
P39_stereo01_P39_pancake	8990
P39_stereo01_P39_salat	2669
P39_stereo01_P39_sandwich	1524
P39_stereo01_P39_scrambledegg	4407
P39_stereo01_P39_tea	1304
P39_webcam01_P39_cereals	699
P39_webcam01_P39_friedegg	2890
P39_webcam01_P39_pancake	8990
P39_webcam01_P39_salat	2669
P39_webcam01_P39_sandwich	1524
P39_webcam01_P39_scrambledegg	4407
P39_webcam02_P39_cereals	699
P39_webcam02_P39_coffee	644
P39_webcam02_P39_friedegg	2890
P39_webcam02_P39_juice	1811
P39_webcam02_P39_milk	947
P39_webcam02_P39_pancake	8990
P39_webcam02_P39_salat	2669
P39_webcam02_P39_sandwich	1524
P39_webcam02_P39_scrambledegg	4407
P39_webcam02_P39_tea	1304
P40_cam01_P40_cereals	501
P40_cam01_P40_friedegg	2356
P40_cam01_P40_juice	1002
P40_cam01_P40_milk	725
P40_cam01_P40_pancake	3313
P40_cam01_P40_salat	2197
P40_cam01_P40_sandwich	1447
P40_cam01_P40_scrambledegg	1860
P40_cam02_P40_cereals	501
P40_cam02_P40_coffee	423
P40_cam02_P40_friedegg	2356
P40_cam02_P40_juice	1002
P40_cam02_P40_milk	725
P40_cam02_P40_pancake	3313
P40_cam02_P40_salat	2197
P40_cam02_P40_sandwich	1447
P40_cam02_P40_scrambledegg	1860
P40_cam02_P40_tea	1111
P40_stereo01_P40_cereals	501
P40_stereo01_P40_coffee	423
P40_stereo01_P40_friedegg	2356
P40_stereo01_P40_juice	1002
P40_stereo01_P40_milk	725
P40_stereo01_P40_sandwich	1447
P40_stereo01_P40_scrambledegg	1860
P40_stereo01_P40_tea	1111
P40_webcam01_P40_cereals	501
P40_webcam01_P40_coffee	423
P40_webcam01_P40_friedegg	2356
P40_webcam01_P40_juice	1002
P40_webcam01_P40_milk	725
P40_webcam01_P40_pancake	3313
P40_webcam01_P40_salat	2197
P40_webcam01_P40_sandwich	1447
P40_webcam01_P40_scrambledegg	1860
P40_webcam01_P40_tea	1111
P40_webcam02_P40_cereals	501
P40_webcam02_P40_coffee	423
P40_webcam02_P40_friedegg	2356
P40_webcam02_P40_juice	1002
P40_webcam02_P40_milk	725
P40_webcam02_P40_pancake	3313
P40_webcam02_P40_salat	2197
P40_webcam02_P40_sandwich	1447
P40_webcam02_P40_scrambledegg	1860
P40_webcam02_P40_tea	1111
P41_cam01_P41_cereals	877
P41_cam01_P41_coffee	876
P41_cam01_P41_friedegg	3091
P41_cam01_P41_juice	1582
P41_cam01_P41_milk	723
P41_cam01_P41_pancake	4993
P41_cam01_P41_salat	3222
P41_cam01_P41_sandwich	1156
P41_cam01_P41_scrambledegg	3022
P41_cam01_P41_tea	1239
P41_cam02_P41_cereals	877
P41_cam02_P41_coffee	876
P41_cam02_P41_friedegg	3091
P41_cam02_P41_juice	1582
P41_cam02_P41_milk	723
P41_cam02_P41_pancake	4993
P41_cam02_P41_salat	3222
P41_cam02_P41_sandwich	1156
P41_cam02_P41_scrambledegg	3022
P41_cam02_P41_tea	1239
P41_stereo01_P41_cereals	877
P41_stereo01_P41_coffee	876
P41_stereo01_P41_friedegg	3091
P41_stereo01_P41_juice	1582
P41_stereo01_P41_milk	723
P41_stereo01_P41_pancake	4993
P41_stereo01_P41_salat	3222
P41_stereo01_P41_sandwich	1156
P41_stereo01_P41_scrambledegg	3022
P41_stereo01_P41_tea	1239
P41_webcam01_P41_cereals	877
P41_webcam01_P41_coffee	876
P41_webcam01_P41_friedegg	3091
P41_webcam01_P41_juice	1582
P41_webcam01_P41_milk	723
P41_webcam01_P41_pancake	4993
P41_webcam01_P41_salat	3222
P41_webcam01_P41_sandwich	1156
P41_webcam01_P41_scrambledegg	3022
P41_webcam01_P41_tea	1239
P41_webcam02_P41_cereals	877
P41_webcam02_P41_coffee	876
P41_webcam02_P41_friedegg	3091
P41_webcam02_P41_juice	1582
P41_webcam02_P41_milk	723
P41_webcam02_P41_pancake	4993
P41_webcam02_P41_salat	3222
P41_webcam02_P41_sandwich	1156
P41_webcam02_P41_scrambledegg	3022
P41_webcam02_P41_tea	1239
P42_cam01_P42_cereals	457
P42_cam01_P42_coffee	932
P42_cam01_P42_friedegg	3017
P42_cam01_P42_juice	1522
P42_cam01_P42_milk	1245
P42_cam01_P42_pancake	9745
P42_cam01_P42_salat	3608
P42_cam01_P42_sandwich	1377
P42_cam01_P42_scrambledegg	2951
P42_cam01_P42_tea	995
P42_cam02_P42_cereals	457
P42_cam02_P42_coffee	932
P42_cam02_P42_juice	1522
P42_cam02_P42_milk	1245
P42_cam02_P42_pancake	9745
P42_cam02_P42_salat	3608
P42_cam02_P42_sandwich	1377
P42_cam02_P42_scrambledegg	2951
P42_cam02_P42_tea	995
P42_stereo01_P42_cereals	457
P42_stereo01_P42_coffee	932
P42_stereo01_P42_friedegg	3017
P42_stereo01_P42_juice	1522
P42_stereo01_P42_milk	1245
P42_stereo01_P42_pancake	9745
P42_stereo01_P42_sandwich	1377
P42_stereo01_P42_scrambledegg	2951
P42_stereo01_P42_tea	995
P42_webcam01_P42_cereals	457
P42_webcam01_P42_coffee	932
P42_webcam01_P42_friedegg	3017
P42_webcam01_P42_juice	1522
P42_webcam01_P42_milk	1245
P42_webcam01_P42_pancake	9745
P42_webcam01_P42_salat	3608
P42_webcam01_P42_sandwich	1377
P42_webcam01_P42_scrambledegg	2951
P42_webcam01_P42_tea	995
P42_webcam02_P42_cereals	457
P42_webcam02_P42_coffee	932
P42_webcam02_P42_friedegg	3017
P42_webcam02_P42_juice	1522
P42_webcam02_P42_milk	1245
P42_webcam02_P42_pancake	9745
P42_webcam02_P42_salat	3608
P42_webcam02_P42_sandwich	1377
P42_webcam02_P42_scrambledegg	2951
P42_webcam02_P42_tea	995
P43_cam01_P43_friedegg	2586
P43_cam01_P43_milk	500
P43_cam01_P43_scrambledegg	2055
P43_cam02_P43_cereals	773
P43_cam02_P43_coffee	816
P43_cam02_P43_friedegg	2586
P43_cam02_P43_juice	1622
P43_cam02_P43_milk	500
P43_cam02_P43_pancake	7015
P43_cam02_P43_salat	5151
P43_cam02_P43_scrambledegg	2055
P43_cam02_P43_tea	704
P43_stereo01_P43_cereals	773
P43_stereo01_P43_friedegg	2586
P43_stereo01_P43_juice	1635
P43_stereo01_P43_milk	500
P43_stereo01_P43_pancake	7015
P43_stereo01_P43_salat	5151
P43_stereo01_P43_scrambledegg	2055
P43_stereo01_P43_tea	704
P43_webcam01_P43_cereals	773
P43_webcam01_P43_coffee	816
P43_webcam01_P43_friedegg	2586
P43_webcam01_P43_juice	1635
P43_webcam01_P43_milk	500
P43_webcam01_P43_pancake	7015
P43_webcam01_P43_salat	5151
P43_webcam01_P43_sandwich	1498
P43_webcam01_P43_scrambledegg	2055
P43_webcam01_P43_tea	704
P43_webcam02_P43_cereals	773
P43_webcam02_P43_coffee	816
P43_webcam02_P43_friedegg	2586
P43_webcam02_P43_juice	1635
P43_webcam02_P43_milk	500
P43_webcam02_P43_pancake	7015
P43_webcam02_P43_salat	5151
P43_webcam02_P43_sandwich	1498
P43_webcam02_P43_scrambledegg	2055
P43_webcam02_P43_tea	704
P44_cam01_P44_cereals	765
P44_cam01_P44_coffee	221
P44_cam01_P44_friedegg	2184
P44_cam01_P44_milk	979
P44_cam01_P44_pancake	5868
P44_cam01_P44_salat	4923
P44_cam01_P44_sandwich	1559
P44_cam01_P44_scrambledegg	2745
P44_cam01_P44_tea	1105
P44_cam02_P44_cereals	765
P44_cam02_P44_coffee	221
P44_cam02_P44_friedegg	2184
P44_cam02_P44_juice	1520
P44_cam02_P44_milk	979
P44_cam02_P44_pancake	5868
P44_cam02_P44_salat	4923
P44_cam02_P44_sandwich	1559
P44_cam02_P44_scrambledegg	2745
P44_cam02_P44_tea	1105
P44_stereo01_P44_cereals	765
P44_stereo01_P44_coffee	221
P44_stereo01_P44_juice	1520
P44_stereo01_P44_milk	979
P44_stereo01_P44_sandwich	1559
P44_stereo01_P44_tea	1105
P44_webcam01_P44_cereals	765
P44_webcam01_P44_coffee	221
P44_webcam01_P44_friedegg	2184
P44_webcam01_P44_juice	1520
P44_webcam01_P44_milk	979
P44_webcam01_P44_pancake	5868
P44_webcam01_P44_salat	4923
P44_webcam01_P44_sandwich	1559
P44_webcam01_P44_scrambledegg	2745
P44_webcam01_P44_tea	1105
P44_webcam02_P44_cereals	765
P44_webcam02_P44_coffee	221
P44_webcam02_P44_friedegg	2184
P44_webcam02_P44_juice	1520
P44_webcam02_P44_milk	979
P44_webcam02_P44_pancake	5868
P44_webcam02_P44_salat	4923
P44_webcam02_P44_sandwich	1559
P44_webcam02_P44_scrambledegg	2745
P44_webcam02_P44_tea	1105
P45_cam01_P45_cereals	919
P45_cam01_P45_coffee	590
P45_cam01_P45_friedegg	2780
P45_cam01_P45_juice	1687
P45_cam01_P45_milk	592
P45_cam01_P45_pancake	8199
P45_cam01_P45_salat	3856
P45_cam01_P45_sandwich	984
P45_cam01_P45_scrambledegg	4432
P45_cam01_P45_tea	444
P45_cam02_P45_cereals	919
P45_cam02_P45_coffee	590
P45_cam02_P45_friedegg	2780
P45_cam02_P45_juice	1687
P45_cam02_P45_milk	592
P45_cam02_P45_pancake	8199
P45_cam02_P45_scrambledegg	4432
P45_cam02_P45_tea	444
P45_stereo01_P45_cereals	919
P45_stereo01_P45_coffee	590
P45_stereo01_P45_friedegg	2780
P45_stereo01_P45_juice	1687
P45_stereo01_P45_milk	592
P45_stereo01_P45_salat	3856
P45_webcam01_P45_cereals	919
P45_webcam01_P45_coffee	590
P45_webcam01_P45_friedegg	2780
P45_webcam01_P45_juice	1687
P45_webcam01_P45_milk	592
P45_webcam01_P45_pancake	8199
P45_webcam01_P45_salat	3856
P45_webcam01_P45_sandwich	984
P45_webcam01_P45_scrambledegg	4432
P45_webcam01_P45_tea	444
P45_webcam02_P45_cereals	919
P45_webcam02_P45_coffee	590
P45_webcam02_P45_friedegg	2780
P45_webcam02_P45_juice	1687
P45_webcam02_P45_milk	592
P45_webcam02_P45_pancake	8199
P45_webcam02_P45_salat	3856
P45_webcam02_P45_sandwich	984
P45_webcam02_P45_scrambledegg	4432
P45_webcam02_P45_tea	444
P46_cam01_P46_cereals	900
P46_cam01_P46_coffee	310
P46_cam01_P46_friedegg	3105
P46_cam01_P46_juice	1614
P46_cam01_P46_milk	1217
P46_cam01_P46_pancake	5420
P46_cam01_P46_salat	3146
P46_cam01_P46_sandwich	1427
P46_cam01_P46_scrambledegg	3141
P46_cam01_P46_tea	1297
P46_cam02_P46_cereals	900
P46_cam02_P46_coffee	310
P46_cam02_P46_friedegg	3105
P46_cam02_P46_juice	1614
P46_cam02_P46_milk	1217
P46_cam02_P46_pancake	5420
P46_cam02_P46_salat	3146
P46_cam02_P46_sandwich	1427
P46_cam02_P46_scrambledegg	3141
P46_cam02_P46_tea	1297
P46_stereo01_P46_coffee	310
P46_stereo01_P46_friedegg	3105
P46_stereo01_P46_milk	1217
P46_stereo01_P46_tea	1297
P46_webcam01_P46_cereals	900
P46_webcam01_P46_coffee	310
P46_webcam01_P46_friedegg	3105
P46_webcam01_P46_juice	1614
P46_webcam01_P46_milk	1217
P46_webcam01_P46_pancake	5420
P46_webcam01_P46_salat	3146
P46_webcam01_P46_sandwich	1427
P46_webcam01_P46_scrambledegg	3141
P46_webcam01_P46_tea	1297
P46_webcam02_P46_cereals	900
P46_webcam02_P46_coffee	310
P46_webcam02_P46_friedegg	3105
P46_webcam02_P46_juice	1614
P46_webcam02_P46_milk	1217
P46_webcam02_P46_pancake	5420
P46_webcam02_P46_salat	3146
P46_webcam02_P46_sandwich	1427
P46_webcam02_P46_scrambledegg	3141
P46_webcam02_P46_tea	1297
P47_cam01_P47_cereals	677
P47_cam01_P47_coffee	646
P47_cam01_P47_friedegg	2386
P47_cam01_P47_juice	1261
P47_cam01_P47_milk	992
P47_cam01_P47_pancake	5374
P47_cam01_P47_salat	4032
P47_cam01_P47_sandwich	1294
P47_cam01_P47_scrambledegg	4266
P47_cam01_P47_tea	490
P47_cam02_P47_cereals	677
P47_cam02_P47_coffee	646
P47_cam02_P47_friedegg	2386
P47_cam02_P47_juice	1261
P47_cam02_P47_milk	992
P47_cam02_P47_pancake	5374
P47_cam02_P47_salat	4032
P47_cam02_P47_sandwich	1294
P47_cam02_P47_scrambledegg	4266
P47_cam02_P47_tea	490
P47_stereo01_P47_cereals	677
P47_stereo01_P47_tea	490
P47_webcam01_P47_cereals	677
P47_webcam01_P47_coffee	646
P47_webcam01_P47_friedegg	2386
P47_webcam01_P47_juice	1261
P47_webcam01_P47_milk	992
P47_webcam01_P47_pancake	5374
P47_webcam01_P47_salat	4032
P47_webcam01_P47_sandwich	1294
P47_webcam01_P47_tea	490
P47_webcam02_P47_cereals	677
P47_webcam02_P47_coffee	646
P47_webcam02_P47_friedegg	2386
P47_webcam02_P47_juice	1261
P47_webcam02_P47_milk	992
P47_webcam02_P47_pancake	5374
P47_webcam02_P47_salat	4032
P47_webcam02_P47_sandwich	1294
P47_webcam02_P47_scrambledegg	4266
P47_webcam02_P47_tea	490
P48_cam01_P48_cereals	741
P48_cam01_P48_friedegg	3094
P48_cam01_P48_juice	1253
P48_cam01_P48_milk	797
P48_cam01_P48_pancake	4039
P48_cam01_P48_salat	5448
P48_cam01_P48_sandwich	1864
P48_cam01_P48_scrambledegg	3465
P48_cam01_P48_tea	571
P48_cam02_P48_cereals	741
P48_cam02_P48_coffee	278
P48_cam02_P48_friedegg	3094
P48_cam02_P48_juice	1253
P48_cam02_P48_milk	797
P48_cam02_P48_pancake	4039
P48_cam02_P48_salat	5448
P48_cam02_P48_sandwich	1864
P48_cam02_P48_scrambledegg	3465
P48_cam02_P48_tea	571
P48_stereo01_P48_cereals	741
P48_stereo01_P48_coffee	278
P48_stereo01_P48_milk	797
P48_webcam01_P48_cereals	741
P48_webcam01_P48_coffee	278
P48_webcam01_P48_friedegg	3094
P48_webcam01_P48_juice	1253
P48_webcam01_P48_milk	797
P48_webcam01_P48_pancake	4039
P48_webcam01_P48_salat	5448
P48_webcam01_P48_sandwich	1864
P48_webcam01_P48_scrambledegg	3465
P48_webcam01_P48_tea	571
P48_webcam02_P48_cereals	741
P48_webcam02_P48_coffee	278
P48_webcam02_P48_friedegg	3094
P48_webcam02_P48_juice	1253
P48_webcam02_P48_milk	797
P48_webcam02_P48_pancake	4039
P48_webcam02_P48_salat	5448
P48_webcam02_P48_sandwich	1864
P48_webcam02_P48_scrambledegg	3465
P48_webcam02_P48_tea	571
P49_cam01_P49_cereals	719
P49_cam01_P49_coffee	301
P49_cam01_P49_friedegg	5178
P49_cam01_P49_juice	1391
P49_cam01_P49_milk	715
P49_cam01_P49_pancake	6361
P49_cam01_P49_salat	4233
P49_cam01_P49_sandwich	1850
P49_cam01_P49_scrambledegg	3453
P49_cam01_P49_tea	363
P49_cam02_P49_cereals	719
P49_cam02_P49_coffee	301
P49_cam02_P49_friedegg	5178
P49_cam02_P49_juice	1391
P49_cam02_P49_pancake	6361
P49_cam02_P49_salat	4233
P49_cam02_P49_sandwich	1850
P49_cam02_P49_scrambledegg	3453
P49_cam02_P49_tea	363
P49_stereo01_P49_cereals	719
P49_stereo01_P49_coffee	301
P49_stereo01_P49_friedegg	5178
P49_stereo01_P49_juice	1391
P49_stereo01_P49_salat	4233
P49_stereo01_P49_sandwich	1850
P49_stereo01_P49_scrambledegg	3453
P49_stereo01_P49_tea	363
P49_webcam01_P49_cereals	719
P49_webcam01_P49_coffee	301
P49_webcam01_P49_friedegg	5178
P49_webcam01_P49_juice	1391
P49_webcam01_P49_milk	715
P49_webcam01_P49_pancake	6361
P49_webcam01_P49_salat	4233
P49_webcam01_P49_sandwich	1850
P49_webcam01_P49_scrambledegg	3453
P49_webcam01_P49_tea	363
P49_webcam02_P49_coffee	301
P49_webcam02_P49_friedegg	5178
P49_webcam02_P49_juice	1391
P49_webcam02_P49_milk	715
P49_webcam02_P49_pancake	6361
P49_webcam02_P49_salat	4233
P49_webcam02_P49_sandwich	1850
P49_webcam02_P49_scrambledegg	3453
P49_webcam02_P49_tea	363
P50_cam01_P50_cereals	461
P50_cam01_P50_coffee	694
P50_cam01_P50_friedegg	1601
P50_cam01_P50_juice	1898
P50_cam01_P50_milk	795
P50_cam01_P50_pancake	4920
P50_cam01_P50_salat	3492
P50_cam01_P50_sandwich	1159
P50_cam01_P50_scrambledegg	1599
P50_cam01_P50_tea	1036
P50_cam02_P50_cereals	461
P50_cam02_P50_coffee	694
P50_cam02_P50_friedegg	1601
P50_cam02_P50_juice	1898
P50_cam02_P50_milk	795
P50_cam02_P50_pancake	4920
P50_cam02_P50_salat	3492
P50_cam02_P50_sandwich	1159
P50_cam02_P50_scrambledegg	1599
P50_cam02_P50_tea	1036
P50_stereo01_P50_cereals	461
P50_stereo01_P50_coffee	694
P50_stereo01_P50_juice	1898
P50_stereo01_P50_milk	795
P50_stereo01_P50_pancake	4920
P50_stereo01_P50_sandwich	1159
P50_stereo01_P50_scrambledegg	1599
P50_stereo01_P50_tea	1036
P50_webcam01_P50_cereals	461
P50_webcam01_P50_coffee	694
P50_webcam01_P50_friedegg	1601
P50_webcam01_P50_juice	1898
P50_webcam01_P50_milk	795
P50_webcam01_P50_pancake	4920
P50_webcam01_P50_salat	3492
P50_webcam01_P50_sandwich	1159
P50_webcam01_P50_scrambledegg	1599
P50_webcam01_P50_tea	1036
P50_webcam02_P50_cereals	461
P50_webcam02_P50_coffee	694
P50_webcam02_P50_friedegg	1601
P50_webcam02_P50_juice	1898
P50_webcam02_P50_milk	795
P50_webcam02_P50_pancake	4920
P50_webcam02_P50_salat	3492
P50_webcam02_P50_sandwich	1159
P50_webcam02_P50_scrambledegg	1599
P50_webcam02_P50_tea	1036
P51_cam01_P51_cereals	711
P51_cam01_P51_friedegg	2915
P51_cam01_P51_juice	1494
P51_cam01_P51_milk	1313
P51_cam01_P51_pancake	5796
P51_cam01_P51_salat	3435
P51_cam01_P51_sandwich	932
P51_cam01_P51_scrambledegg	3407
P51_cam01_P51_tea	734
P51_cam02_P51_cereals	711
P51_cam02_P51_coffee	1127
P51_cam02_P51_friedegg	2915
P51_cam02_P51_juice	1494
P51_cam02_P51_milk	1313
P51_cam02_P51_pancake	5796
P51_cam02_P51_salat	3435
P51_cam02_P51_sandwich	932
P51_cam02_P51_scrambledegg	3407
P51_cam02_P51_tea	734
P51_stereo01_P51_cereals	711
P51_stereo01_P51_coffee	1127
P51_stereo01_P51_juice	1494
P51_stereo01_P51_milk	1313
P51_stereo01_P51_salat	3435
P51_stereo01_P51_sandwich	932
P51_stereo01_P51_tea	734
P51_webcam01_P51_cereals	711
P51_webcam01_P51_coffee	1127
P51_webcam01_P51_friedegg	2915
P51_webcam01_P51_juice	1494
P51_webcam01_P51_milk	1313
P51_webcam01_P51_pancake	5796
P51_webcam01_P51_salat	3435
P51_webcam01_P51_sandwich	932
P51_webcam01_P51_scrambledegg	3407
P51_webcam01_P51_tea	734
P51_webcam02_P51_cereals	711
P51_webcam02_P51_coffee	1127
P51_webcam02_P51_friedegg	2915
P51_webcam02_P51_juice	1494
P51_webcam02_P51_milk	1313
P51_webcam02_P51_pancake	5796
P51_webcam02_P51_salat	3435
P51_webcam02_P51_sandwich	932
P51_webcam02_P51_scrambledegg	3407
P51_webcam02_P51_tea	734
P52_cam01_P52_friedegg	3264
P52_cam01_P52_juice	2951
P52_cam01_P52_milk	1028
P52_cam01_P52_pancake	5353
P52_cam01_P52_salat	4656
P52_cam01_P52_scrambledegg	5395
P52_cam01_P52_tea	941
P52_cam02_P52_cereals	805
P52_cam02_P52_coffee	673
P52_cam02_P52_friedegg	3264
P52_cam02_P52_juice	2951
P52_cam02_P52_milk	1028
P52_cam02_P52_pancake	5353
P52_cam02_P52_salat	4656
P52_cam02_P52_scrambledegg	5395
P52_cam02_P52_tea	941
P52_stereo01_P52_cereals	805
P52_stereo01_P52_coffee	673
P52_stereo01_P52_friedegg	3264
P52_stereo01_P52_milk	1028
P52_stereo01_P52_pancake	5353
P52_stereo01_P52_salat	4656
P52_stereo01_P52_sandwich	2677
P52_stereo01_P52_scrambledegg	5395
P52_stereo01_P52_tea	941
P52_webcam01_P52_cereals	805
P52_webcam01_P52_coffee	673
P52_webcam01_P52_friedegg	3264
P52_webcam01_P52_juice	2951
P52_webcam01_P52_milk	1028
P52_webcam01_P52_pancake	5353
P52_webcam01_P52_salat	4656
P52_webcam01_P52_sandwich	2677
P52_webcam01_P52_scrambledegg	5395
P52_webcam01_P52_tea	941
P52_webcam02_P52_cereals	805
P52_webcam02_P52_coffee	673
P52_webcam02_P52_friedegg	3264
P52_webcam02_P52_juice	2951
P52_webcam02_P52_milk	1028
P52_webcam02_P52_pancake	5353
P52_webcam02_P52_salat	4656
P52_webcam02_P52_sandwich	2677
P52_webcam02_P52_scrambledegg	5395
P52_webcam02_P52_tea	941
P53_cam01_P53_cereals	850
P53_cam01_P53_friedegg	1927
P53_cam01_P53_pancake	3874
P53_cam01_P53_scrambledegg	2329
P53_cam02_P53_cereals	850
P53_cam02_P53_coffee	851
P53_cam02_P53_friedegg	1927
P53_cam02_P53_juice	1134
P53_cam02_P53_milk	988
P53_cam02_P53_pancake	3874
P53_cam02_P53_salat	1654
P53_cam02_P53_sandwich	789
P53_cam02_P53_scrambledegg	2329
P53_cam02_P53_tea	723
P53_stereo01_P53_cereals	850
P53_stereo01_P53_coffee	851
P53_stereo01_P53_friedegg	1927
P53_stereo01_P53_juice	1134
P53_stereo01_P53_milk	988
P53_stereo01_P53_salat	1654
P53_stereo01_P53_sandwich	789
P53_stereo01_P53_scrambledegg	2329
P53_stereo01_P53_tea	723
P53_webcam01_P53_cereals	850
P53_webcam01_P53_coffee	851
P53_webcam01_P53_friedegg	1927
P53_webcam01_P53_juice	1134
P53_webcam01_P53_milk	988
P53_webcam01_P53_pancake	3874
P53_webcam01_P53_salat	1654
P53_webcam01_P53_sandwich	789
P53_webcam01_P53_scrambledegg	2329
P53_webcam01_P53_tea	723
P53_webcam02_P53_cereals	850
P53_webcam02_P53_coffee	851
P53_webcam02_P53_friedegg	1927
P53_webcam02_P53_juice	1134
P53_webcam02_P53_milk	988
P53_webcam02_P53_pancake	3874
P53_webcam02_P53_salat	1654
P53_webcam02_P53_sandwich	789
P53_webcam02_P53_scrambledegg	2329
P53_webcam02_P53_tea	723
P54_cam01_P54_cereals	747
P54_cam01_P54_friedegg	1559
P54_cam01_P54_juice	910
P54_cam01_P54_pancake	3344
P54_cam01_P54_salat	1254
P54_cam01_P54_sandwich	1017
P54_cam01_P54_scrambledegg	3694
P54_cam02_P54_cereals	747
P54_cam02_P54_coffee	719
P54_cam02_P54_friedegg	1559
P54_cam02_P54_juice	910
P54_cam02_P54_milk	747
P54_cam02_P54_pancake	3344
P54_cam02_P54_salat	1254
P54_cam02_P54_scrambledegg	3694
P54_cam02_P54_tea	973
P54_stereo01_P54_cereals	747
P54_stereo01_P54_coffee	719
P54_stereo01_P54_friedegg	1559
P54_stereo01_P54_juice	910
P54_stereo01_P54_milk	747
P54_stereo01_P54_pancake	3344
P54_stereo01_P54_salat	1254
P54_stereo01_P54_sandwich	1017
P54_stereo01_P54_scrambledegg	3694
P54_stereo01_P54_tea	973
P54_webcam01_P54_cereals	747
P54_webcam01_P54_coffee	719
P54_webcam01_P54_friedegg	1559
P54_webcam01_P54_juice	910
P54_webcam01_P54_milk	747
P54_webcam01_P54_pancake	3344
P54_webcam01_P54_scrambledegg	3694
P54_webcam01_P54_tea	973
P54_webcam02_P54_cereals	747
P54_webcam02_P54_coffee	719
P54_webcam02_P54_friedegg	1559
P54_webcam02_P54_juice	910
P54_webcam02_P54_milk	747
P54_webcam02_P54_pancake	3344
P54_webcam02_P54_salat	1254
P54_webcam02_P54_sandwich	1017
P54_webcam02_P54_scrambledegg	3694
P54_webcam02_P54_tea	973
